{
  "config": {
    "plm_threshold_fixed": 0.75,
    "threshold_sweep": {
      "start": 0.0,
      "stop": 1.0,
      "step": 0.01
    },
    "impute_missing_p2": true
  },
  "data_summary": {
    "n_chains": 117,
    "n_positions_micro": 35807,
    "impute_missing_p2": true,
    "p2_missing_positions_imputed": 0,
    "p2_missing_impute_pct": 0.0
  },
  "thresholds": {
    "plm_best_mcc": 0.67,
    "p2_any_best_mcc": 0.27,
    "p2_any_best_f1": 0.27,
    "rank1_best_mcc": 0.02,
    "rank1_best_f1": 0.01,
    "oracle_best_mcc": 0.01,
    "oracle_best_f1": 0.01
  },
  "micro": {
    "p2_any_fixed": {
      "acc": 0.8652498114893736,
      "f1": 0.8942608212060221,
      "mcc": 0.47655993215675374,
      "auroc": 0.9316350296374836,
      "aupr": 0.6057978153518332
    },
    "plm_fixed": {
      "acc": 0.9553997821654984,
      "f1": 0.9583978196319488,
      "mcc": 0.6749503233143592,
      "auroc": 0.9697904827741244,
      "aupr": 0.7336685905858497
    },
    "plm_best_mcc": {
      "threshold": 0.67,
      "acc": 0.9518529896388974,
      "f1": 0.9564509364869132,
      "mcc": 0.6827175304184027
    },
    "p2_any_best_mcc": {
      "threshold": 0.27,
      "acc": 0.9512106571340799,
      "f1": 0.9512880552269818,
      "mcc": 0.5784886043374537
    },
    "p2_any_best_f1": {
      "threshold": 0.27,
      "acc": 0.9512106571340799,
      "f1": 0.9512880552269818,
      "mcc": 0.5784886043374537
    },
    "rank1_fixed": {
      "acc": 0.9560141871701064,
      "f1": 0.9566418125715086,
      "mcc": 0.6300382396893826,
      "auroc": 0.8280833432229047,
      "aupr": 0.5666591220508007
    },
    "rank1_best_mcc": {
      "threshold": 0.02,
      "acc": 0.9582763146870723,
      "f1": 0.9578965199632092,
      "mcc": 0.631950418803112
    },
    "rank1_best_f1": {
      "threshold": 0.01,
      "acc": 0.9575222721814171,
      "f1": 0.9575267799042424,
      "mcc": 0.6319235089052212
    },
    "oracle_fixed": {
      "acc": 0.9666545647499092,
      "f1": 0.968379734459886,
      "mcc": 0.7468027890028752,
      "auroc": 0.9198055814387875,
      "aupr": 0.7427742654012637
    },
    "oracle_best_mcc": {
      "threshold": 0.01,
      "acc": 0.968106794760801,
      "f1": 0.9693452589992924,
      "mcc": 0.7483298417079277
    },
    "oracle_best_f1": {
      "threshold": 0.01,
      "acc": 0.968106794760801,
      "f1": 0.9693452589992924,
      "mcc": 0.7483298417079277
    }
  },
  "macro": {
    "p2_any_fixed": {
      "acc": {
        "mean": 0.8685263169033407,
        "median": 0.8689655172413793,
        "iqr": 0.06430395913154541
      },
      "f1": {
        "mean": 0.8971439740900762,
        "median": 0.8994092241573912,
        "iqr": 0.04435083146444885
      },
      "mcc": {
        "mean": 0.5017797583383287,
        "median": 0.490737836147224,
        "iqr": 0.14415141419810779
      },
      "auroc": {
        "mean": 0.9372938006629836,
        "median": 0.9428263214670982,
        "iqr": 0.0635921274159219
      },
      "aupr": {
        "mean": 0.6692333033069935,
        "median": 0.6940402067930661,
        "iqr": 0.2564150480779005
      }
    },
    "plm_fixed": {
      "acc": {
        "mean": 0.9543166956211585,
        "median": 0.9553264604810997,
        "iqr": 0.015201768933112203
      },
      "f1": {
        "mean": 0.9575333539325819,
        "median": 0.9592444150424915,
        "iqr": 0.014726387464874313
      },
      "mcc": {
        "mean": 0.6795197514253912,
        "median": 0.6908610294481142,
        "iqr": 0.10085490895938864
      },
      "auroc": {
        "mean": 0.9748646627588758,
        "median": 0.9819401444788443,
        "iqr": 0.016969414920234627
      },
      "aupr": {
        "mean": 0.7889341072086917,
        "median": 0.804118903971845,
        "iqr": 0.12701989523094048
      }
    },
    "plm_best_mcc": {
      "acc": {
        "mean": 0.9506334461989967,
        "median": 0.951310861423221,
        "iqr": 0.016856187290969826
      },
      "f1": {
        "mean": 0.9556284030661661,
        "median": 0.9558449742229893,
        "iqr": 0.013214733950751456
      },
      "mcc": {
        "mean": 0.6876778376701549,
        "median": 0.6921203252192987,
        "iqr": 0.08224474976729379
      },
      "auroc": {
        "mean": 0.9748646627588758,
        "median": 0.9819401444788443,
        "iqr": 0.016969414920234627
      },
      "aupr": {
        "mean": 0.7889341072086917,
        "median": 0.804118903971845,
        "iqr": 0.12701989523094048
      }
    },
    "rank1_fixed": {
      "acc": {
        "mean": 0.9550512240708265,
        "median": 0.9615384615384616,
        "iqr": 0.027519337618477024
      },
      "f1": {
        "mean": 0.9520521057839411,
        "median": 0.964263898010028,
        "iqr": 0.03179404518935869
      },
      "mcc": {
        "mean": 0.5834099550817572,
        "median": 0.7181779575852358,
        "iqr": 0.237291924859934
      },
      "auroc": {
        "mean": 0.8352301461526375,
        "median": 0.921697549312612,
        "iqr": 0.16256179149748984
      },
      "aupr": {
        "mean": 0.6273208587088707,
        "median": 0.7698330913393024,
        "iqr": 0.33583649718093367
      }
    },
    "oracle_fixed": {
      "acc": {
        "mean": 0.9656966683162344,
        "median": 0.9673202614379085,
        "iqr": 0.017324327526958117
      },
      "f1": {
        "mean": 0.9676828659620201,
        "median": 0.9686894878621277,
        "iqr": 0.015482553911309482
      },
      "mcc": {
        "mean": 0.7538331592968136,
        "median": 0.7613416044226922,
        "iqr": 0.10779931620070338
      },
      "auroc": {
        "mean": 0.924682673904387,
        "median": 0.9405895691609978,
        "iqr": 0.07139853992279166
      },
      "aupr": {
        "mean": 0.7811342266396949,
        "median": 0.7905873140475987,
        "iqr": 0.1500931907939862
      }
    }
  }
}