{
  "config": {
    "plm_threshold_fixed": 0.75,
    "threshold_sweep": {
      "start": 0.0,
      "stop": 1.0,
      "step": 0.01
    },
    "impute_missing_p2": true
  },
  "data_summary": {
    "n_chains": 406,
    "n_positions_micro": 130720,
    "impute_missing_p2": true,
    "p2_missing_positions_imputed": 0,
    "p2_missing_impute_pct": 0.0
  },
  "thresholds": {
    "plm_best_mcc": 0.79,
    "p2_any_best_mcc": 0.3,
    "p2_any_best_f1": 0.3,
    "rank1_best_mcc": 0.02,
    "rank1_best_f1": 0.02,
    "oracle_best_mcc": 0.01,
    "oracle_best_f1": 0.02
  },
  "micro": {
    "p2_any_fixed": {
      "acc": 0.8553932068543452,
      "f1": 0.8909282288567613,
      "mcc": 0.42604796769042413,
      "auroc": 0.9161022215051984,
      "aupr": 0.5061784800738328
    },
    "plm_fixed": {
      "acc": 0.9558063035495716,
      "f1": 0.9603943633977787,
      "mcc": 0.6610268078254488,
      "auroc": 0.9657475657537234,
      "aupr": 0.6488007506110418
    },
    "plm_best_mcc": {
      "threshold": 0.79,
      "acc": 0.9595165238678091,
      "f1": 0.962823225451899,
      "mcc": 0.6640978770102598
    },
    "p2_any_best_mcc": {
      "threshold": 0.3,
      "acc": 0.9517135862913096,
      "f1": 0.9520101785580285,
      "mcc": 0.5085533814792098
    },
    "p2_any_best_f1": {
      "threshold": 0.3,
      "acc": 0.9517135862913096,
      "f1": 0.9520101785580285,
      "mcc": 0.5085533814792098
    },
    "rank1_fixed": {
      "acc": 0.9557604039167686,
      "f1": 0.9571389609319209,
      "mcc": 0.5741324593014422,
      "auroc": 0.8089792495283168,
      "aupr": 0.482322676319884
    },
    "rank1_best_mcc": {
      "threshold": 0.02,
      "acc": 0.9583231334149327,
      "f1": 0.9586704743882705,
      "mcc": 0.5777718488358426
    },
    "rank1_best_f1": {
      "threshold": 0.02,
      "acc": 0.9583231334149327,
      "f1": 0.9586704743882705,
      "mcc": 0.5777718488358426
    },
    "oracle_fixed": {
      "acc": 0.9673118115055079,
      "f1": 0.969557284095803,
      "mcc": 0.7190628757371933,
      "auroc": 0.9175556933973668,
      "aupr": 0.6825214895029612
    },
    "oracle_best_mcc": {
      "threshold": 0.01,
      "acc": 0.9687729498164015,
      "f1": 0.9705352684302424,
      "mcc": 0.7209477275561306
    },
    "oracle_best_f1": {
      "threshold": 0.02,
      "acc": 0.969545593635251,
      "f1": 0.9709676929443246,
      "mcc": 0.7198191770295567
    }
  },
  "macro": {
    "p2_any_fixed": {
      "acc": {
        "mean": 0.8588955111125725,
        "median": 0.8636280050508146,
        "iqr": 0.07694052723253175
      },
      "f1": {
        "mean": 0.8932605700227767,
        "median": 0.8967204437964078,
        "iqr": 0.04874292809425251
      },
      "mcc": {
        "mean": 0.454322420465574,
        "median": 0.44708560703539146,
        "iqr": 0.15962484498661078
      },
      "auroc": {
        "mean": 0.9228660408526197,
        "median": 0.9383537463522856,
        "iqr": 0.069932822739599
      },
      "aupr": {
        "mean": 0.5969091619053762,
        "median": 0.6407718298858242,
        "iqr": 0.30383226437522404
      }
    },
    "plm_fixed": {
      "acc": {
        "mean": 0.9546937558903094,
        "median": 0.9581815291265352,
        "iqr": 0.018512159300928532
      },
      "f1": {
        "mean": 0.9595846955298778,
        "median": 0.9620144425564463,
        "iqr": 0.015316677630485609
      },
      "mcc": {
        "mean": 0.6672310129651888,
        "median": 0.6903647105709015,
        "iqr": 0.119511150936775
      },
      "auroc": {
        "mean": 0.9713946100943759,
        "median": 0.9851302363050484,
        "iqr": 0.014802667438342354
      },
      "aupr": {
        "mean": 0.7301147559789269,
        "median": 0.7532556228423368,
        "iqr": 0.19154035266131664
      }
    },
    "plm_best_mcc": {
      "acc": {
        "mean": 0.958567030566659,
        "median": 0.9610848515442154,
        "iqr": 0.01664881144502739
      },
      "f1": {
        "mean": 0.962028495367448,
        "median": 0.9645740975071341,
        "iqr": 0.014580614420013793
      },
      "mcc": {
        "mean": 0.6711442108679242,
        "median": 0.6935056198429485,
        "iqr": 0.12240598183931117
      },
      "auroc": {
        "mean": 0.9713946100943759,
        "median": 0.9851302363050484,
        "iqr": 0.014802667438342354
      },
      "aupr": {
        "mean": 0.7301147559789269,
        "median": 0.7532556228423368,
        "iqr": 0.19154035266131664
      }
    },
    "rank1_fixed": {
      "acc": {
        "mean": 0.95424805831423,
        "median": 0.9595448152410178,
        "iqr": 0.03437951621354707
      },
      "f1": {
        "mean": 0.9528695491816725,
        "median": 0.9609361358147215,
        "iqr": 0.041734158045178216
      },
      "mcc": {
        "mean": 0.5278828847571603,
        "median": 0.675039179082654,
        "iqr": 0.6887084851974983
      },
      "auroc": {
        "mean": 0.8117720686822488,
        "median": 0.9156184573514556,
        "iqr": 0.40891418437250526
      },
      "aupr": {
        "mean": 0.5651614360198411,
        "median": 0.7136165280134709,
        "iqr": 0.7116445892043689
      }
    },
    "oracle_fixed": {
      "acc": {
        "mean": 0.9656185611263786,
        "median": 0.9693877551020408,
        "iqr": 0.025011807804169783
      },
      "f1": {
        "mean": 0.968353711241352,
        "median": 0.9711972978818976,
        "iqr": 0.02262974840520149
      },
      "mcc": {
        "mean": 0.7310296442581571,
        "median": 0.7398841339150737,
        "iqr": 0.14975351559193262
      },
      "auroc": {
        "mean": 0.9246821426276367,
        "median": 0.9411146017048795,
        "iqr": 0.0652886446111991
      },
      "aupr": {
        "mean": 0.7496796018801061,
        "median": 0.779662176491447,
        "iqr": 0.19190916335596298
      }
    }
  }
}