{
  "config": {
    "plm_threshold_fixed": 0.75,
    "threshold_sweep": {
      "start": 0.0,
      "stop": 1.0,
      "step": 0.01
    },
    "impute_missing_p2": true
  },
  "data_summary": {
    "n_chains": 30,
    "n_positions_micro": 8849,
    "impute_missing_p2": true,
    "p2_missing_positions_imputed": 0,
    "p2_missing_impute_pct": 0.0
  },
  "thresholds": {
    "plm_best_mcc": 0.49,
    "p2_any_best_mcc": 0.2,
    "p2_any_best_f1": 0.2,
    "rank1_best_mcc": 0.08,
    "rank1_best_f1": 0.01,
    "oracle_best_mcc": 0.01,
    "oracle_best_f1": 0.01
  },
  "micro": {
    "p2_any_fixed": {
      "acc": 0.8328624703356311,
      "f1": 0.8686248973616032,
      "mcc": 0.4211619697563309,
      "auroc": 0.907891161306017,
      "aupr": 0.46084017447278713
    },
    "plm_fixed": {
      "acc": 0.9141145892191208,
      "f1": 0.9188886517832491,
      "mcc": 0.41410417686873324,
      "auroc": 0.8832959541481995,
      "aupr": 0.42094326335555077
    },
    "plm_best_mcc": {
      "threshold": 0.49,
      "acc": 0.8998756921686066,
      "f1": 0.9124418776895452,
      "mcc": 0.45273264457849693
    },
    "p2_any_best_mcc": {
      "threshold": 0.2,
      "acc": 0.9201039665498927,
      "f1": 0.9266190408769669,
      "mcc": 0.49519396152528145
    },
    "p2_any_best_f1": {
      "threshold": 0.2,
      "acc": 0.9201039665498927,
      "f1": 0.9266190408769669,
      "mcc": 0.49519396152528145
    },
    "rank1_fixed": {
      "acc": 0.9298225788224658,
      "f1": 0.9294205984655113,
      "mcc": 0.4504214356843589,
      "auroc": 0.7258605617953083,
      "aupr": 0.3330305488640809
    },
    "rank1_best_mcc": {
      "threshold": 0.08,
      "acc": 0.9386371341394508,
      "f1": 0.934491106350627,
      "mcc": 0.46755142849307874
    },
    "rank1_best_f1": {
      "threshold": 0.01,
      "acc": 0.932873771047576,
      "f1": 0.9314953215731224,
      "mcc": 0.45953680006661396
    },
    "oracle_fixed": {
      "acc": 0.9526500169510679,
      "f1": 0.9530863919329474,
      "mcc": 0.6402822128796153,
      "auroc": 0.8292418947489167,
      "aupr": 0.538757272380799
    },
    "oracle_best_mcc": {
      "threshold": 0.01,
      "acc": 0.9537800881455532,
      "f1": 0.9536926211844619,
      "mcc": 0.6407575833633717
    },
    "oracle_best_f1": {
      "threshold": 0.01,
      "acc": 0.9537800881455532,
      "f1": 0.9536926211844619,
      "mcc": 0.6407575833633717
    }
  },
  "macro": {
    "p2_any_fixed": {
      "acc": {
        "mean": 0.8334902585885197,
        "median": 0.8296703296703297,
        "iqr": 0.09604103919519746
      },
      "f1": {
        "mean": 0.8700742740495143,
        "median": 0.869485406648767,
        "iqr": 0.0812741378889813
      },
      "mcc": {
        "mean": 0.42977220319284065,
        "median": 0.41394012376754913,
        "iqr": 0.18972458082123467
      },
      "auroc": {
        "mean": 0.9088639877991663,
        "median": 0.9228924043399267,
        "iqr": 0.06936469458467431
      },
      "aupr": {
        "mean": 0.5231868786575632,
        "median": 0.520683924539757,
        "iqr": 0.2626766541593651
      }
    },
    "plm_fixed": {
      "acc": {
        "mean": 0.9141401587869231,
        "median": 0.9169338207724034,
        "iqr": 0.0374019357734694
      },
      "f1": {
        "mean": 0.9196369327297266,
        "median": 0.92539898332238,
        "iqr": 0.030994347066609307
      },
      "mcc": {
        "mean": 0.401440259458867,
        "median": 0.3850236224475668,
        "iqr": 0.3614458199803987
      },
      "auroc": {
        "mean": 0.8916004159637955,
        "median": 0.9206493054961842,
        "iqr": 0.0702397546767024
      },
      "aupr": {
        "mean": 0.46636685805032446,
        "median": 0.42977358033022467,
        "iqr": 0.34516098092007097
      }
    },
    "plm_best_mcc": {
      "acc": {
        "mean": 0.9003076736588913,
        "median": 0.9013123213938906,
        "iqr": 0.03154693836887612
      },
      "f1": {
        "mean": 0.9136586164464098,
        "median": 0.9173637113119792,
        "iqr": 0.023399585952993407
      },
      "mcc": {
        "mean": 0.44644016611473647,
        "median": 0.44062507232075787,
        "iqr": 0.269530774464518
      },
      "auroc": {
        "mean": 0.8916004159637955,
        "median": 0.9206493054961842,
        "iqr": 0.0702397546767024
      },
      "aupr": {
        "mean": 0.46636685805032446,
        "median": 0.42977358033022467,
        "iqr": 0.34516098092007097
      }
    },
    "rank1_fixed": {
      "acc": {
        "mean": 0.9288655884908017,
        "median": 0.9307644020886239,
        "iqr": 0.04777812767893075
      },
      "f1": {
        "mean": 0.9254195333122525,
        "median": 0.9350444612294947,
        "iqr": 0.06334264500231856
      },
      "mcc": {
        "mean": 0.4293467376869061,
        "median": 0.5368815964439712,
        "iqr": 0.6558185117801103
      },
      "auroc": {
        "mean": 0.7427778400403215,
        "median": 0.7722495139343002,
        "iqr": 0.4019424305836622
      },
      "aupr": {
        "mean": 0.4351077941213667,
        "median": 0.46492263166637726,
        "iqr": 0.5340787571211127
      }
    },
    "oracle_fixed": {
      "acc": {
        "mean": 0.9522470998071041,
        "median": 0.9547230227345501,
        "iqr": 0.042094265261001684
      },
      "f1": {
        "mean": 0.9520931667606831,
        "median": 0.9525699073279631,
        "iqr": 0.0340330897480875
      },
      "mcc": {
        "mean": 0.641251355027144,
        "median": 0.6567227763276282,
        "iqr": 0.21892850713382528
      },
      "auroc": {
        "mean": 0.8389744516080718,
        "median": 0.8802302084205472,
        "iqr": 0.18350462886427998
      },
      "aupr": {
        "mean": 0.5959658867218568,
        "median": 0.6014907427738957,
        "iqr": 0.2981902986244093
      }
    }
  }
}