{
  "config": {
    "plm_threshold_fixed": 0.75,
    "threshold_sweep": {
      "start": 0.0,
      "stop": 1.0,
      "step": 0.01
    },
    "impute_missing_p2": true
  },
  "data_summary": {
    "n_chains": 65,
    "n_positions_micro": 19212,
    "impute_missing_p2": true,
    "p2_missing_positions_imputed": 0,
    "p2_missing_impute_pct": 0.0
  },
  "thresholds": {
    "plm_best_mcc": 0.86,
    "p2_any_best_mcc": 0.38,
    "p2_any_best_f1": 0.34,
    "rank1_best_mcc": 0.26,
    "rank1_best_f1": 0.09,
    "oracle_best_mcc": 0.05,
    "oracle_best_f1": 0.05
  },
  "micro": {
    "p2_any_fixed": {
      "acc": 0.8676348115760982,
      "f1": 0.8928069760671673,
      "mcc": 0.5254684745091031,
      "auroc": 0.9489295984914055,
      "aupr": 0.7044455565276805
    },
    "plm_fixed": {
      "acc": 0.9405579845929627,
      "f1": 0.942115226658198,
      "mcc": 0.5928397449480431,
      "auroc": 0.9572916048903243,
      "aupr": 0.7290034894839721
    },
    "plm_best_mcc": {
      "threshold": 0.86,
      "acc": 0.9535706849885488,
      "f1": 0.9499951254866588,
      "mcc": 0.6224772883227331
    },
    "p2_any_best_mcc": {
      "threshold": 0.38,
      "acc": 0.9574224443056423,
      "f1": 0.9567408858843961,
      "mcc": 0.6818326312230522
    },
    "p2_any_best_f1": {
      "threshold": 0.34,
      "acc": 0.9556527170518426,
      "f1": 0.9558221386370327,
      "mcc": 0.6808366811580899
    },
    "rank1_fixed": {
      "acc": 0.9435248802831564,
      "f1": 0.9414867223654735,
      "mcc": 0.563178482474615,
      "auroc": 0.7657911924847268,
      "aupr": 0.4881049475973066
    },
    "rank1_best_mcc": {
      "threshold": 0.26,
      "acc": 0.9515927545284197,
      "f1": 0.9463746942198484,
      "mcc": 0.5938772228927717
    },
    "rank1_best_f1": {
      "threshold": 0.09,
      "acc": 0.9495107224651259,
      "f1": 0.9458684009995275,
      "mcc": 0.5903908984809207
    },
    "oracle_fixed": {
      "acc": 0.9605975432021653,
      "f1": 0.9603859952975791,
      "mcc": 0.7112067574418338,
      "auroc": 0.856046217409258,
      "aupr": 0.671148623701527
    },
    "oracle_best_mcc": {
      "threshold": 0.05,
      "acc": 0.963720591297106,
      "f1": 0.9626945963405412,
      "mcc": 0.7237015310817363
    },
    "oracle_best_f1": {
      "threshold": 0.05,
      "acc": 0.963720591297106,
      "f1": 0.9626945963405412,
      "mcc": 0.7237015310817363
    }
  },
  "macro": {
    "p2_any_fixed": {
      "acc": {
        "mean": 0.8671866485060186,
        "median": 0.8801369863013698,
        "iqr": 0.09049201075779145
      },
      "f1": {
        "mean": 0.8930026363111133,
        "median": 0.900600804183523,
        "iqr": 0.06270684351831346
      },
      "mcc": {
        "mean": 0.5480361885586346,
        "median": 0.5471208810293847,
        "iqr": 0.15580675251348408
      },
      "auroc": {
        "mean": 0.9537490202457417,
        "median": 0.9589267285861712,
        "iqr": 0.03139783695680565
      },
      "aupr": {
        "mean": 0.7525465807205375,
        "median": 0.774393195542216,
        "iqr": 0.15215582597443622
      }
    },
    "plm_fixed": {
      "acc": {
        "mean": 0.9389046875551416,
        "median": 0.940959409594096,
        "iqr": 0.018916161857864378
      },
      "f1": {
        "mean": 0.9405563913719451,
        "median": 0.9425307081907763,
        "iqr": 0.018952936225943406
      },
      "mcc": {
        "mean": 0.5954406958906674,
        "median": 0.6020164416357531,
        "iqr": 0.09020181218043699
      },
      "auroc": {
        "mean": 0.9602628096165058,
        "median": 0.9702712746191007,
        "iqr": 0.015462982172247397
      },
      "aupr": {
        "mean": 0.7524388224602373,
        "median": 0.7734923847449686,
        "iqr": 0.09988885075804188
      }
    },
    "plm_best_mcc": {
      "acc": {
        "mean": 0.9525996017311366,
        "median": 0.9543859649122807,
        "iqr": 0.015998727735369034
      },
      "f1": {
        "mean": 0.9489439165822459,
        "median": 0.9503698915463621,
        "iqr": 0.018917014539858723
      },
      "mcc": {
        "mean": 0.6254732788694416,
        "median": 0.639728414151392,
        "iqr": 0.11010036672540502
      },
      "auroc": {
        "mean": 0.9602628096165058,
        "median": 0.9702712746191007,
        "iqr": 0.015462982172247397
      },
      "aupr": {
        "mean": 0.7524388224602373,
        "median": 0.7734923847449686,
        "iqr": 0.09988885075804188
      }
    },
    "rank1_fixed": {
      "acc": {
        "mean": 0.941797389370061,
        "median": 0.9562043795620438,
        "iqr": 0.04180655475619499
      },
      "f1": {
        "mean": 0.9350875066985033,
        "median": 0.9558729314164097,
        "iqr": 0.05286126989980955
      },
      "mcc": {
        "mean": 0.5113009388877003,
        "median": 0.67468472398759,
        "iqr": 0.6719783185069932
      },
      "auroc": {
        "mean": 0.76673626164186,
        "median": 0.8187648891332233,
        "iqr": 0.3482672329231319
      },
      "aupr": {
        "mean": 0.5323296960528854,
        "median": 0.6386632848762439,
        "iqr": 0.5978971543356355
      }
    },
    "oracle_fixed": {
      "acc": {
        "mean": 0.9596352234693355,
        "median": 0.9615384615384616,
        "iqr": 0.01501466275659824
      },
      "f1": {
        "mean": 0.9592109683222307,
        "median": 0.9615089818138327,
        "iqr": 0.015473041574898594
      },
      "mcc": {
        "mean": 0.7169972105671687,
        "median": 0.711645540003292,
        "iqr": 0.10605775161166586
      },
      "auroc": {
        "mean": 0.8606296074555121,
        "median": 0.8450210378681627,
        "iqr": 0.09204245239048303
      },
      "aupr": {
        "mean": 0.695532416239719,
        "median": 0.6794053985230455,
        "iqr": 0.13013311656928017
      }
    }
  }
}