{
  "config": {
    "plm_threshold_fixed": 0.75,
    "threshold_sweep": {
      "start": 0.0,
      "stop": 1.0,
      "step": 0.01
    },
    "impute_missing_p2": true
  },
  "data_summary": {
    "n_chains": 88,
    "n_positions_micro": 29105,
    "impute_missing_p2": true,
    "p2_missing_positions_imputed": 0,
    "p2_missing_impute_pct": 0.0
  },
  "thresholds": {
    "plm_best_mcc": 0.74,
    "p2_any_best_mcc": 0.2,
    "p2_any_best_f1": 0.21,
    "rank1_best_mcc": 0.08,
    "rank1_best_f1": 0.01,
    "oracle_best_mcc": 0.01,
    "oracle_best_f1": 0.01
  },
  "micro": {
    "p2_any_fixed": {
      "acc": 0.830578938326748,
      "f1": 0.8680544962645615,
      "mcc": 0.3929385071692772,
      "auroc": 0.866601645539729,
      "aupr": 0.4065632369182911
    },
    "plm_fixed": {
      "acc": 0.9319360934547328,
      "f1": 0.9345349756606289,
      "mcc": 0.487869004475687,
      "auroc": 0.8345874668289237,
      "aupr": 0.458700296304182
    },
    "plm_best_mcc": {
      "threshold": 0.74,
      "acc": 0.9313520013743343,
      "f1": 0.934309526346431,
      "mcc": 0.48967420593277167
    },
    "p2_any_best_mcc": {
      "threshold": 0.2,
      "acc": 0.9155815152035732,
      "f1": 0.921584293475275,
      "mcc": 0.4157097158778343
    },
    "p2_any_best_f1": {
      "threshold": 0.21,
      "acc": 0.917677375021474,
      "f1": 0.9227530064183707,
      "mcc": 0.4154479157862033
    },
    "rank1_fixed": {
      "acc": 0.9302525339288782,
      "f1": 0.9260152508490356,
      "mcc": 0.364359485238368,
      "auroc": 0.6631233128900047,
      "aupr": 0.26502534297339236
    },
    "rank1_best_mcc": {
      "threshold": 0.08,
      "acc": 0.9364713966672393,
      "f1": 0.9286892034208667,
      "mcc": 0.37083353722279566
    },
    "rank1_best_f1": {
      "threshold": 0.01,
      "acc": 0.9318673767393919,
      "f1": 0.9270110274197204,
      "mcc": 0.369191977409231
    },
    "oracle_fixed": {
      "acc": 0.9525854664147054,
      "f1": 0.9522076356250492,
      "mcc": 0.6057902238151445,
      "auroc": 0.8007987556113628,
      "aupr": 0.5061809140760885
    },
    "oracle_best_mcc": {
      "threshold": 0.01,
      "acc": 0.9537536505755025,
      "f1": 0.9529172064280349,
      "mcc": 0.6083262970786213
    },
    "oracle_best_f1": {
      "threshold": 0.01,
      "acc": 0.9537536505755025,
      "f1": 0.9529172064280349,
      "mcc": 0.6083262970786213
    }
  },
  "macro": {
    "p2_any_fixed": {
      "acc": {
        "mean": 0.8376102257072365,
        "median": 0.8414605331167393,
        "iqr": 0.07605226551680966
      },
      "f1": {
        "mean": 0.8739901138358145,
        "median": 0.8817876306511141,
        "iqr": 0.05726942948199054
      },
      "mcc": {
        "mean": 0.4065972022597556,
        "median": 0.4274406158728656,
        "iqr": 0.16555538987385993
      },
      "auroc": {
        "mean": 0.8535426913036378,
        "median": 0.876002214986975,
        "iqr": 0.10439794921165113
      },
      "aupr": {
        "mean": 0.47042195383180957,
        "median": 0.5086258064932825,
        "iqr": 0.3133084324413041
      }
    },
    "plm_fixed": {
      "acc": {
        "mean": 0.9287946880836947,
        "median": 0.9346742133279429,
        "iqr": 0.03692781926424249
      },
      "f1": {
        "mean": 0.9331720317963575,
        "median": 0.9360166283213185,
        "iqr": 0.027821046624800783
      },
      "mcc": {
        "mean": 0.45547322541922014,
        "median": 0.5427290449040468,
        "iqr": 0.25400037989736424
      },
      "auroc": {
        "mean": 0.7966666157668424,
        "median": 0.8430833573348695,
        "iqr": 0.16391496769084557
      },
      "aupr": {
        "mean": 0.5012379517988763,
        "median": 0.5807949161658468,
        "iqr": 0.299304779777891
      }
    },
    "plm_best_mcc": {
      "acc": {
        "mean": 0.9281560530578438,
        "median": 0.9345929887106358,
        "iqr": 0.03696074084093848
      },
      "f1": {
        "mean": 0.9330111376309486,
        "median": 0.9354987059262441,
        "iqr": 0.028851667571733963
      },
      "mcc": {
        "mean": 0.4575895583647947,
        "median": 0.5409339788081391,
        "iqr": 0.2333733254702865
      },
      "auroc": {
        "mean": 0.7966666157668424,
        "median": 0.8430833573348695,
        "iqr": 0.16391496769084557
      },
      "aupr": {
        "mean": 0.5012379517988763,
        "median": 0.5807949161658468,
        "iqr": 0.299304779777891
      }
    },
    "rank1_fixed": {
      "acc": {
        "mean": 0.9267790305722605,
        "median": 0.929753441111544,
        "iqr": 0.041822232384655544
      },
      "f1": {
        "mean": 0.9192355031346594,
        "median": 0.9285845079487478,
        "iqr": 0.050757319985810234
      },
      "mcc": {
        "mean": 0.30263582758602037,
        "median": 0.3570036293217585,
        "iqr": 0.600216756653766
      },
      "auroc": {
        "mean": 0.658600140224926,
        "median": 0.649076058350252,
        "iqr": 0.313939599435912
      },
      "aupr": {
        "mean": 0.32014184691185893,
        "median": 0.26972245293466224,
        "iqr": 0.5090365825448313
      }
    },
    "oracle_fixed": {
      "acc": {
        "mean": 0.9502635647034872,
        "median": 0.9502186588921282,
        "iqr": 0.033560245122745136
      },
      "f1": {
        "mean": 0.9495902346601962,
        "median": 0.9507855510502184,
        "iqr": 0.033416330207412415
      },
      "mcc": {
        "mean": 0.6002271853608471,
        "median": 0.6094470384647823,
        "iqr": 0.11761301012150527
      },
      "auroc": {
        "mean": 0.8091450476426651,
        "median": 0.8147597750192067,
        "iqr": 0.1068600400572578
      },
      "aupr": {
        "mean": 0.5660978030904734,
        "median": 0.5900802372414621,
        "iqr": 0.17363887791489396
      }
    }
  }
}