dataset,aupr_from_scores
Kinase_Type_ALLO,0.07215456806930978
Kinase_Type_I,0.6190427352966797
Kinase_Type_I.5,0.7262873894569564
Kinase_Type_II,0.6886473623724171
Kinase_Type_III,0.2758809702700073
