dataset,auroc_from_scores
Kinase_Type_ALLO,0.6859902025337845
Kinase_Type_I,0.9664896178236347
Kinase_Type_I.5,0.9716672178418476
Kinase_Type_II,0.9552309404049191
Kinase_Type_III,0.8713739059839214
